Example,index,Substrate,substrate_smiles,product_smiles,A,A(volume),A(length),A(length-hyper),A(stout),A(Hammett),A(Hammett sum),A(Hammett avg.),A(C-NMR-ipso-shifts),B,B(volume),B(Hammett),C,C(volume),C(Hammett),D,D(volume),D(Hammett),Pd source,Pd(%),Ligand,ligand_smiles,Ligand(%),Cat type,UL(volume),LL(volume),UR(volume),LR(volume),solvent,solvent_smiles,dielectric constant,time(h),temp(oC),Yield(%),Product hand,ee,major%,%topA
1,1,2aa,O=C1C(C(OCC=C)=O)(C2=CC=CC=C2)CCC1,O=C1[C@@](CC=C)(C2=CC=CC=C2)CCC1,Ph,79.85,4,1,19.9625,0,0,0,139.5,CH2,23.22,-0.17,CH2,23.22,-0.17,CH2,23.22,-0.17,Pd2(dba)3.CHCl3,5,"(R,R)-L3",O=C(C1=C(C=CC=C1)P(C2=CC=CC=C2)C3=CC=CC=C3)N[C@H]4[C@@H](C5C6=C(C=CC=C6)C4C7=C5C=CC=C7)NC(C8=C(C=CC=C8)P(C9=CC=CC=C9)C%10=CC=CC=C%10)=O,12.5,III,239.78,53.85,104.19,47.89,dioxane,C1COCCO1,2.25,10,25,92,S,84.3,92.15,92.15
2,2,2ba,O=C1C(C(OCC=C)=O)(C2=CC=C(OC)C=C2)CCC1,O=C1[C@@](CC=C)(C2=CC=C(OC)C=C2)CCC1,4-MeOC6H4,105.93,6,1,17.655,-0.27,-0.27,-0.05,131.2,CH2,23.22,-0.17,CH2,23.22,-0.17,CH2,23.22,-0.17,Pd2(dba)3.CHCl3,5,"(R,R)-L3",O=C(C1=C(C=CC=C1)P(C2=CC=CC=C2)C3=CC=CC=C3)N[C@H]4[C@@H](C5C6=C(C=CC=C6)C4C7=C5C=CC=C7)NC(C8=C(C=CC=C8)P(C9=CC=CC=C9)C%10=CC=CC=C%10)=O,12.5,III,239.78,53.85,104.19,47.89,dioxane,C1COCCO1,2.25,10,25,97,S,84,92,92
3,3,2ca,O=C1C(C(OCC=C)=O)(C2=CC=C(C(F)(F)F)C=C2)CCC1,O=C1[C@@](CC=C)(C2=CC=C(C(F)(F)F)C=C2)CCC1,4-CF3C6H4,115.35,6,1,19.225,0.54,0.54,0.11,143.9,CH2,23.22,-0.17,CH2,23.22,-0.17,CH2,23.22,-0.17,Pd2(dba)3.CHCl3,5,"(R,R)-L3",O=C(C1=C(C=CC=C1)P(C2=CC=CC=C2)C3=CC=CC=C3)N[C@H]4[C@@H](C5C6=C(C=CC=C6)C4C7=C5C=CC=C7)NC(C8=C(C=CC=C8)P(C9=CC=CC=C9)C%10=CC=CC=C%10)=O,12.5,III,239.78,53.85,104.19,47.89,dioxane,C1COCCO1,2.25,10,25,92,S,83.7,91.85,91.85
4,4,2ea,O=C1C(C(OCC=C)=O)(C2=CC(OCO3)=C3C=C2)CCC1,O=C1[C@@](CC=C)(C2=CC(OCO3)=C3C=C2)CCC1,piperonyl,102.37,6,1,17.0616,-0.06,-0.15,-0.11,133.2,CH2,23.22,-0.17,CH2,23.22,-0.17,CH2,23.22,-0.17,Pd2(dba)3.CHCl3,5,"(R,R)-L3",O=C(C1=C(C=CC=C1)P(C2=CC=CC=C2)C3=CC=CC=C3)N[C@H]4[C@@H](C5C6=C(C=CC=C6)C4C7=C5C=CC=C7)NC(C8=C(C=CC=C8)P(C9=CC=CC=C9)C%10=CC=CC=C%10)=O,12.5,III,239.78,53.85,104.19,47.89,dioxane,C1COCCO1,2.25,10,25,96,S,82.8,91.4,91.4
5,5,2fa,O=C1C(C(OCC=C)=O)(C2=C(OC)C=CC=C2OC)CCC1,O=C1[C@@](CC=C)(C2=C(OC)C=CC=C2OC)CCC1,"2,6-(MeO)2C6H3",132.02,4,1,33.005,0.44,-0.54,-0.11,116.2,CH2,23.22,-0.17,CH2,23.22,-0.17,CH2,23.22,-0.17,Pd2(dba)3.CHCl3,5,"(R,R)-L3",O=C(C1=C(C=CC=C1)P(C2=CC=CC=C2)C3=CC=CC=C3)N[C@H]4[C@@H](C5C6=C(C=CC=C6)C4C7=C5C=CC=C7)NC(C8=C(C=CC=C8)P(C9=CC=CC=C9)C%10=CC=CC=C%10)=O,12.5,III,239.78,53.85,104.19,47.89,dioxane,C1COCCO1,2.25,10,25,95,S,99.9,99.95,99.95
6,6,2ga,O=C1C(C(OCC=C)=O)(C2=C(OC)C=C(OC)C=C2)CCC1,O=C1[C@@](CC=C)(C2=C(OC)C=C(OC)C=C2)CCC1,"2,4-(MeO)2C6H3",132.02,6,1,22.0033,-0.31,-0.54,-0.11,124.9,CH2,23.22,-0.17,CH2,23.22,-0.17,CH2,23.22,-0.17,Pd2(dba)3.CHCl3,5,"(R,R)-L3",O=C(C1=C(C=CC=C1)P(C2=CC=CC=C2)C3=CC=CC=C3)N[C@H]4[C@@H](C5C6=C(C=CC=C6)C4C7=C5C=CC=C7)NC(C8=C(C=CC=C8)P(C9=CC=CC=C9)C%10=CC=CC=C%10)=O,12.5,III,239.78,53.85,104.19,47.89,dioxane,C1COCCO1,2.25,10,25,91,S,96.9,98.45,98.45
7,7,2ha,O=C1C(C(OCC=C)=O)(C2=C(OC)C=C(C)C=C2C)CCC1,O=C1[C@@](CC=C)(C2=C(OC)C=C(C)C=C2C)CCC1,"2-MeO-4,6-MeC6H2",140.53,5,1,28.106,0.3,-0.61,-0.12,129.4,CH2,23.22,-0.17,CH2,23.22,-0.17,CH2,23.22,-0.17,Pd2(dba)3.CHCl3,5,"(R,R)-L3",O=C(C1=C(C=CC=C1)P(C2=CC=CC=C2)C3=CC=CC=C3)N[C@H]4[C@@H](C5C6=C(C=CC=C6)C4C7=C5C=CC=C7)NC(C8=C(C=CC=C8)P(C9=CC=CC=C9)C%10=CC=CC=C%10)=O,12.5,III,239.78,53.85,104.19,47.89,dioxane,C1COCCO1,2.25,10,25,94,S,99.4,99.7,99.7
8,8,2ia,O=C1C(C2=C(C(OC)=CC=C2OC)OC)(CCC1)C(OCC=C)=O,O=C1[C@@](CC=C)(C2=C(OC)C(OC)=CC=C2OC)CCC1,"2,3,6-(MeO)3C6H2",158.11,5,1,31.622,0.08,-0.42,-0.16,126.4,CH2,23.22,-0.17,CH2,23.22,-0.17,CH2,23.22,-0.17,Pd2(dba)3.CHCl3,5,"(R,R)-L3",O=C(C1=C(C=CC=C1)P(C2=CC=CC=C2)C3=CC=CC=C3)N[C@H]4[C@@H](C5C6=C(C=CC=C6)C4C7=C5C=CC=C7)NC(C8=C(C=CC=C8)P(C9=CC=CC=C9)C%10=CC=CC=C%10)=O,12.5,III,239.78,53.85,104.19,47.89,dioxane,C1COCCO1,2.25,10,25,95,S,99.9,99.95,99.95
9,9,2ja,O=C1C(C(OCC=C)=O)(C2=C(OC)C(OC)=C(OC)C=C2)CCC1,O=C1[C@@](CC=C)(C2=C(OC)C(OC)=C(OC)C=C2)CCC1,"2,3,4-(MeO)3C6H2",158.11,6,1,26.3517,0.17,-0.42,-0.16,130.5,CH2,23.22,-0.17,CH2,23.22,-0.17,CH2,23.22,-0.17,Pd2(dba)3.CHCl3,5,"(R,R)-L3",O=C(C1=C(C=CC=C1)P(C2=CC=CC=C2)C3=CC=CC=C3)N[C@H]4[C@@H](C5C6=C(C=CC=C6)C4C7=C5C=CC=C7)NC(C8=C(C=CC=C8)P(C9=CC=CC=C9)C%10=CC=CC=C%10)=O,12.5,III,239.78,53.85,104.19,47.89,dioxane,C1COCCO1,2.25,10,25,96,S,87.6,93.8,93.8
10,10,2ka,O=C1C(C(OCC=C)=O)(C2=C(OC)C=C(OC)C=C2OC)CCC1,O=C1[C@@](CC=C)(C2=C(OC)C=C(OC)C=C2OC)CCC1,"2,4,6-(MeO)3C6H2",158.11,6,1,26.3517,0.01,-0.81,-0.16,113.2,CH2,23.22,-0.17,CH2,23.22,-0.17,CH2,23.22,-0.17,Pd2(dba)3.CHCl3,5,"(R,R)-L3",O=C(C1=C(C=CC=C1)P(C2=CC=CC=C2)C3=CC=CC=C3)N[C@H]4[C@@H](C5C6=C(C=CC=C6)C4C7=C5C=CC=C7)NC(C8=C(C=CC=C8)P(C9=CC=CC=C9)C%10=CC=CC=C%10)=O,12.5,III,239.78,53.85,104.19,47.89,dioxane,C1COCCO1,2.25,10,25,92,S,99.9,99.95,99.95
11,11,2ka,O=C1C(C(OCC=C)=O)(C2=C(OC)C=C(OC)C=C2OC)CCC1,O=C1[C@@](CC=C)(C2=C(OC)C=C(OC)C=C2OC)CCC1,"2,4,6-(MeO)3C6H2",158.11,6,1,26.3517,0.01,-0.81,-0.16,113.2,CH2,23.22,-0.17,CH2,23.22,-0.17,CH2,23.22,-0.17,Pd2(dba)3.CHCl3,5,"(R,R)-L1",O=C(N[C@H]1[C@@H](CCCC1)NC(C2=C(C=CC=C2)P(C3=CC=CC=C3)C4=CC=CC=C4)=O)C5=C(P(C6=CC=CC=C6)C7=CC=CC=C7)C=CC=C5,12.5,I,65.19,79.85,116.93,37.88,dioxane,C1COCCO1,2.25,10,25,90,S*,86,93,7
12,12,2la,O=C1C(C2=C(C=CC3=C2C=CC=C3)OC)(CCC1)C(OCC=C)=O,O=C1[C@@](CC=C)(C2=C(C=CC=C3)C3=CC=C2OC)CCC1,2-MeO-naphthyl,145.27,7,1,20.753,0.34,-0.27,-0.05,125.6,CH2,23.22,-0.17,CH2,23.22,-0.17,CH2,23.22,-0.17,Pd2(dba)3.CHCl3,5,"(R,R)-L3",O=C(C1=C(C=CC=C1)P(C2=CC=CC=C2)C3=CC=CC=C3)N[C@H]4[C@@H](C5C6=C(C=CC=C6)C4C7=C5C=CC=C7)NC(C8=C(C=CC=C8)P(C9=CC=CC=C9)C%10=CC=CC=C%10)=O,12.5,III,239.78,53.85,104.19,47.89,dioxane,C1COCCO1,2.25,10,25,92,S,99.9,99.95,99.95
13,13,2ma,O=C1C(C2=C(C=CC3=C2C=CC=C3)OCC4=CC=CC=C4)(CCC1)C(OCC=C)=O,O=C1[C@@](CC=C)(C2=C(C=CC=C3)C3=CC=C2OCC4=CC=CC=C4)CCC1,2-BnO-naphthyl,219.2,8,1,27.4,0.39,-0.24,-0.05,127.3,CH2,23.22,-0.17,CH2,23.22,-0.17,CH2,23.22,-0.17,Pd2(dba)3.CHCl3,5,"(R,R)-L3",O=C(C1=C(C=CC=C1)P(C2=CC=CC=C2)C3=CC=CC=C3)N[C@H]4[C@@H](C5C6=C(C=CC=C6)C4C7=C5C=CC=C7)NC(C8=C(C=CC=C8)P(C9=CC=CC=C9)C%10=CC=CC=C%10)=O,12.5,III,239.78,53.85,104.19,47.89,dioxane,C1COCCO1,2.25,10,25,93,S,99.5,99.75,99.75
14,14,2ka,O=C1C(C(OCC=C)=O)(C2=C(OC)C=C(OC)C=C2OC)CCC1,O=C1[C@@](CC=C)(C2=C(OC)C=C(OC)C=C2OC)CCC1,"2,4,6-(MeO)3C6H2",158.11,6,1,26.3517,0.01,-0.81,-0.16,113.2,CH2,23.22,-0.17,CH2,23.22,-0.17,CH2,23.22,-0.17,Pd2(dba)3.CHCl3,5,"(R,R)-L3",O=C(C1=C(C=CC=C1)P(C2=CC=CC=C2)C3=CC=CC=C3)N[C@H]4[C@@H](C5C6=C(C=CC=C6)C4C7=C5C=CC=C7)NC(C8=C(C=CC=C8)P(C9=CC=CC=C9)C%10=CC=CC=C%10)=O,12.5,III,239.78,53.85,104.19,47.89,toluene,CC1=CC=CC=C1,2.38,24,25,50,S,96,98,98
15,15,2ka,O=C1C(C(OCC=C)=O)(C2=C(OC)C=C(OC)C=C2OC)CCC1,O=C1[C@@](CC=C)(C2=C(OC)C=C(OC)C=C2OC)CCC1,"2,4,6-(MeO)3C6H2",158.11,6,1,26.3517,0.01,-0.81,-0.16,113.2,CH2,23.22,-0.17,CH2,23.22,-0.17,CH2,23.22,-0.17,Pd2(dba)3.CHCl3,5,"(R,R)-L3",O=C(C1=C(C=CC=C1)P(C2=CC=CC=C2)C3=CC=CC=C3)N[C@H]4[C@@H](C5C6=C(C=CC=C6)C4C7=C5C=CC=C7)NC(C8=C(C=CC=C8)P(C9=CC=CC=C9)C%10=CC=CC=C%10)=O,12.5,III,239.78,53.85,104.19,47.89,2-Me-THF,CC1CCCO1,6.97,24,25,40,S,98,99,99
16,16,2ka,O=C1C(C(OCC=C)=O)(C2=C(OC)C=C(OC)C=C2OC)CCC1,O=C1[C@@](CC=C)(C2=C(OC)C=C(OC)C=C2OC)CCC1,"2,4,6-(MeO)3C6H2",158.11,6,1,26.3517,0.01,-0.81,-0.16,113.2,CH2,23.22,-0.17,CH2,23.22,-0.17,CH2,23.22,-0.17,Pd2(dba)3.CHCl3,5,"(R,R)-L3",O=C(C1=C(C=CC=C1)P(C2=CC=CC=C2)C3=CC=CC=C3)N[C@H]4[C@@H](C5C6=C(C=CC=C6)C4C7=C5C=CC=C7)NC(C8=C(C=CC=C8)P(C9=CC=CC=C9)C%10=CC=CC=C%10)=O,12.5,III,239.78,53.85,104.19,47.89,MTBE,COC(C)(C)C,4.5,24,25,59,S,97,98.5,98.5
17,17,2ka,O=C1C(C(OCC=C)=O)(C2=C(OC)C=C(OC)C=C2OC)CCC1,O=C1[C@@](CC=C)(C2=C(OC)C=C(OC)C=C2OC)CCC1,"2,4,6-(MeO)3C6H2",158.11,6,1,26.3517,0.01,-0.81,-0.16,113.2,CH2,23.22,-0.17,CH2,23.22,-0.17,CH2,23.22,-0.17,Pd2(dba)3.CHCl3,5,"(R,R)-L3",O=C(C1=C(C=CC=C1)P(C2=CC=CC=C2)C3=CC=CC=C3)N[C@H]4[C@@H](C5C6=C(C=CC=C6)C4C7=C5C=CC=C7)NC(C8=C(C=CC=C8)P(C9=CC=CC=C9)C%10=CC=CC=C%10)=O,12.5,III,239.78,53.85,104.19,47.89,DME,COCCOC,7.2,24,25,43,S,98.6,99.3,99.3
18,18,2ka,O=C1C(C(OCC=C)=O)(C2=C(OC)C=C(OC)C=C2OC)CCC1,O=C1[C@@](CC=C)(C2=C(OC)C=C(OC)C=C2OC)CCC1,"2,4,6-(MeO)3C6H2",158.11,6,1,26.3517,0.01,-0.81,-0.16,113.2,CH2,23.22,-0.17,CH2,23.22,-0.17,CH2,23.22,-0.17,Pd2(dba)3.CHCl3,5,"(R,R)-L3",O=C(C1=C(C=CC=C1)P(C2=CC=CC=C2)C3=CC=CC=C3)N[C@H]4[C@@H](C5C6=C(C=CC=C6)C4C7=C5C=CC=C7)NC(C8=C(C=CC=C8)P(C9=CC=CC=C9)C%10=CC=CC=C%10)=O,12.5,III,239.78,53.85,104.19,47.89,THF,C1CCCO1,7.58,24,25,63,S,99.8,99.9,99.9
19,19,2bb,O=C1C(C2=CC=C(OC)C=C2)(CCO1)C(OCC=C)=O,O=C1[C@@](CC=C)(C2=CC=C(OC)C=C2)CCO1,4-MeOC6H4,105.93,6,1,17.665,-0.27,-0.27,-0.05,130.7,O,14.71,-0.37,CH2,23.22,-0.17,CH2,23.22,-0.17,Pd2(dba)3.CHCl3,5,"(R,R)-L3",O=C(C1=C(C=CC=C1)P(C2=CC=CC=C2)C3=CC=CC=C3)N[C@H]4[C@@H](C5C6=C(C=CC=C6)C4C7=C5C=CC=C7)NC(C8=C(C=CC=C8)P(C9=CC=CC=C9)C%10=CC=CC=C%10)=O,12.5,III,239.78,53.85,104.19,47.89,dioxane,C1COCCO1,2.25,18,50,89,S,42,71,71
20,20,2fb,O=C1C(C2=C(OC)C=CC=C2OC)(CCO1)C(OCC=C)=O,O=C1[C@@](CC=C)(C2=C(OC)C=CC=C2OC)CCO1,"2,6-(MeO)2C6H3",132.02,4,1,33.005,0.44,-0.54,-0.11,118.1,O,14.71,-0.37,CH2,23.22,-0.17,CH2,23.22,-0.17,Pd2(dba)3.CHCl3,5,"(R,R)-L3",O=C(C1=C(C=CC=C1)P(C2=CC=CC=C2)C3=CC=CC=C3)N[C@H]4[C@@H](C5C6=C(C=CC=C6)C4C7=C5C=CC=C7)NC(C8=C(C=CC=C8)P(C9=CC=CC=C9)C%10=CC=CC=C%10)=O,12.5,III,239.78,53.85,104.19,47.89,dioxane,C1COCCO1,2.25,18,50,81,S,95,97.5,97.5
21,21,2gb,O=C1C(C2=CC=C(OC)C=C2OC)(CCO1)C(OCC=C)=O,O=C1[C@@](CC=C)(C2=C(OC)C=C(OC)C=C2)CCO1,"2,4-(MeO)2C6H3",132.02,6,1,22.0033,-0.31,-0.54,-0.11,122.7,O,14.71,-0.37,CH2,23.22,-0.17,CH2,23.22,-0.17,Pd2(dba)3.CHCl3,5,"(R,R)-L3",O=C(C1=C(C=CC=C1)P(C2=CC=CC=C2)C3=CC=CC=C3)N[C@H]4[C@@H](C5C6=C(C=CC=C6)C4C7=C5C=CC=C7)NC(C8=C(C=CC=C8)P(C9=CC=CC=C9)C%10=CC=CC=C%10)=O,12.5,III,239.78,53.85,104.19,47.89,dioxane,C1COCCO1,2.25,18,50,89,S,41,70.5,70.5
22,22,2hb,O=C1C(C2=C(C)C=C(C)C=C2OC)(CCO1)C(OCC=C)=O,O=C1[C@@](CC=C)(C2=C(OC)C=C(C)C=C2C)CCO1,"2-MeO-4,6-MeC6H2",140.53,5,1,28.106,0.3,-0.61,-0.12,126.3,O,14.71,-0.37,CH2,23.22,-0.17,CH2,23.22,-0.17,Pd2(dba)3.CHCl3,5,"(R,R)-L3",O=C(C1=C(C=CC=C1)P(C2=CC=CC=C2)C3=CC=CC=C3)N[C@H]4[C@@H](C5C6=C(C=CC=C6)C4C7=C5C=CC=C7)NC(C8=C(C=CC=C8)P(C9=CC=CC=C9)C%10=CC=CC=C%10)=O,12.5,III,239.78,53.85,104.19,47.89,dioxane,C1COCCO1,2.25,18,50,73,S,73,86.5,86.5
23,23,2jb,O=C1C(C2=CC=C(OC)C(OC)=C2OC)(CCO1)C(OCC=C)=O,O=C1[C@@](CC=C)(C2=C(OC)C(OC)=C(OC)C=C2)CCO1,"2,3,4-(MeO)3C6H2",158.11,6,1,26.3517,0.08,-0.42,-0.16,128.5,O,14.71,-0.37,CH2,23.22,-0.17,CH2,23.22,-0.17,Pd2(dba)3.CHCl3,5,"(R,R)-L3",O=C(C1=C(C=CC=C1)P(C2=CC=CC=C2)C3=CC=CC=C3)N[C@H]4[C@@H](C5C6=C(C=CC=C6)C4C7=C5C=CC=C7)NC(C8=C(C=CC=C8)P(C9=CC=CC=C9)C%10=CC=CC=C%10)=O,12.5,III,239.78,53.85,104.19,47.89,dioxane,C1COCCO1,2.25,18,50,92,S,3,51.5,51.5
24,24,2jb,O=C1C(C2=CC=C(OC)C(OC)=C2OC)(CCO1)C(OCC=C)=O,O=C1[C@@](CC=C)(C2=C(OC)C(OC)=C(OC)C=C2)CCO1,"2,3,4-(MeO)3C6H2",158.11,6,1,26.3517,0.08,-0.42,-0.16,128.5,O,14.71,-0.37,CH2,23.22,-0.17,CH2,23.22,-0.17,Pd2(dba)3.CHCl3,5,"(S,S)-L1",O=C(C1=C(C=CC=C1)P(C2=CC=CC=C2)C3=CC=CC=C3)N[C@@H]4[C@@H](NC(C5=C(P(C6=CC=CC=C6)C7=CC=CC=C7)C=CC=C5)=O)CCCC4,12.5,I,65.19,79.85,116.93,37.88,dioxane,C1COCCO1,2.25,18,50,52,R,54,77,23
25,25,2jb,O=C1C(C2=CC=C(OC)C(OC)=C2OC)(CCO1)C(OCC=C)=O,O=C1[C@@](CC=C)(C2=C(OC)C(OC)=C(OC)C=C2)CCO1,"2,3,4-(MeO)3C6H2",158.11,6,1,26.3517,0.08,-0.42,-0.16,128.5,O,14.71,-0.37,CH2,23.22,-0.17,CH2,23.22,-0.17,Pd2(dba)3.CHCl3,5,"(S,S)-L2",O=C(N[C@@H]1[C@H](CCCC1)NC(C2=C([P](C3=CC=CC=C3)C4=CC=CC=C4)C=CC5=C2C=CC=C5)=O)C6=C([P](C7=CC=CC=C7)C8=CC=CC=C8)C=CC9=C6C=CC=C9,12.5,II,37.88,79.85,142.63,63.87,dioxane,C1COCCO1,2.25,18,50,85,R,31,65.5,34.5
26,26,2kb,O=C1C(C2=C(OC)C=C(OC)C=C2OC)(CCO1)C(OCC=C)=O,O=C1[C@@](CC=C)(C2=C(OC)C=C(OC)C=C2OC)CCO1,"2,4,6-(MeO)3C6H2",158.11,6,1,26.3517,0.01,-0.81,-0.16,110.7,O,14.71,-0.37,CH2,23.22,-0.17,CH2,23.22,-0.17,Pd2(dba)3.CHCl3,5,"(R,R)-L3",O=C(C1=C(C=CC=C1)P(C2=CC=CC=C2)C3=CC=CC=C3)N[C@H]4[C@@H](C5C6=C(C=CC=C6)C4C7=C5C=CC=C7)NC(C8=C(C=CC=C8)P(C9=CC=CC=C9)C%10=CC=CC=C%10)=O,12.5,III,239.78,53.85,104.19,47.89,dioxane,C1COCCO1,2.25,18,50,84,S,97,98.5,98.5
27,27,2lb,O=C1C(C2=C(OC)C=CC3=C2C=CC=C3)(CCO1)C(OCC=C)=O,O=C1[C@@](CC=C)(C2=C(C=CC=C3)C3=CC=C2OC)CCO1,2-MeO-naphthyl,145.27,7,1,20.753,0.34,-0.27,-0.05,122.9,O,14.71,-0.37,CH2,23.22,-0.17,CH2,23.22,-0.17,Pd2(dba)3.CHCl3,5,"(R,R)-L3",O=C(C1=C(C=CC=C1)P(C2=CC=CC=C2)C3=CC=CC=C3)N[C@H]4[C@@H](C5C6=C(C=CC=C6)C4C7=C5C=CC=C7)NC(C8=C(C=CC=C8)P(C9=CC=CC=C9)C%10=CC=CC=C%10)=O,12.5,III,239.78,53.85,104.19,47.89,dioxane,C1COCCO1,2.25,18,50,97,S,98,99,99
28,28,2mb,O=C1C(C2=C(OCC3=CC=CC=C3)C=CC4=C2C=CC=C4)(CCO1)C(OCC=C)=O,O=C1[C@@](CC=C)(C2=C(C=CC=C3)C3=CC=C2OCC4=CC=CC=C4)CCO1,2-BnO-naphthyl,219.2,8,1,27.4,0.39,-0.24,-0.05,123,O,14.71,-0.37,CH2,23.22,-0.17,CH2,23.22,-0.17,Pd2(dba)3.CHCl3,5,"(R,R)-L3",O=C(C1=C(C=CC=C1)P(C2=CC=CC=C2)C3=CC=CC=C3)N[C@H]4[C@@H](C5C6=C(C=CC=C6)C4C7=C5C=CC=C7)NC(C8=C(C=CC=C8)P(C9=CC=CC=C9)C%10=CC=CC=C%10)=O,12.5,III,239.78,53.85,104.19,47.89,dioxane,C1COCCO1,2.25,18,50,70,S,93,96.5,96.5
29,29,2bc,O=C1C(C(OCC=C)=O)(C2=CC=C(OC)C=C2)CCCO1,O=C(OCCC1)[C@]1(C2=CC=C(OC)C=C2)CC=C,4-MeOC6H4,105.93,6,1,17.665,-0.27,-0.27,-0.05,132.2,O,14.71,-0.37,CH2CH2,40.51,-0.15,CH2,23.22,-0.17,Pd2(dba)3.CHCl3,5,"(R,R)-L3",O=C(C1=C(C=CC=C1)P(C2=CC=CC=C2)C3=CC=CC=C3)N[C@H]4[C@@H](C5C6=C(C=CC=C6)C4C7=C5C=CC=C7)NC(C8=C(C=CC=C8)P(C9=CC=CC=C9)C%10=CC=CC=C%10)=O,12.5,III,239.78,53.85,104.19,47.89,dioxane,C1COCCO1,2.25,4,40,98,S,14,57,57
30,30,2bc,O=C1C(C(OCC=C)=O)(C2=CC=C(OC)C=C2)CCCO1,O=C(OCCC1)[C@]1(C2=CC=C(OC)C=C2)CC=C,4-MeOC6H4,105.93,6,1,17.665,-0.27,-0.27,-0.05,132.2,O,14.71,-0.37,CH2CH2,40.51,-0.15,CH2,23.22,-0.17,Pd2(dba)3.CHCl3,5,"(S,S)-L1",O=C(C1=C(C=CC=C1)P(C2=CC=CC=C2)C3=CC=CC=C3)N[C@@H]4[C@@H](NC(C5=C(P(C6=CC=CC=C6)C7=CC=CC=C7)C=CC=C5)=O)CCCC4,12.5,I,65.19,79.85,116.93,37.88,dioxane,C1COCCO1,2.25,18,50,56,R,57,78.5,21.5
31,31,2cc,O=C1C(C(OCC=C)=O)(C2=CC=C(C(F)(F)F)C=C2)CCCO1,O=C(OCCC1)[C@]1(C2=CC=C(C(F)(F)F)C=C2)CC=C,4-CF3C6H4,115.35,6,1,19.225,0.54,0.54,0.11,144.8,O,14.71,-0.37,CH2CH2,40.51,-0.15,CH2,23.22,-0.17,Pd2(dba)3.CHCl3,5,"(R,R)-L3",O=C(C1=C(C=CC=C1)P(C2=CC=CC=C2)C3=CC=CC=C3)N[C@H]4[C@@H](C5C6=C(C=CC=C6)C4C7=C5C=CC=C7)NC(C8=C(C=CC=C8)P(C9=CC=CC=C9)C%10=CC=CC=C%10)=O,12.5,III,239.78,53.85,104.19,47.89,dioxane,C1COCCO1,2.25,18,40,91,S,8,54,54
32,32,2cc,O=C1C(C(OCC=C)=O)(C2=CC=C(C(F)(F)F)C=C2)CCCO1,O=C(OCCC1)[C@]1(C2=CC=C(C(F)(F)F)C=C2)CC=C,4-CF3C6H4,115.35,6,1,19.225,0.54,0.54,0.11,144.8,O,14.71,-0.37,CH2CH2,40.51,-0.15,CH2,23.22,-0.17,Pd2(dba)3.CHCl3,5,"(S,S)-L1",O=C(C1=C(C=CC=C1)P(C2=CC=CC=C2)C3=CC=CC=C3)N[C@@H]4[C@@H](NC(C5=C(P(C6=CC=CC=C6)C7=CC=CC=C7)C=CC=C5)=O)CCCC4,12.5,I,65.19,79.85,116.93,37.88,dioxane,C1COCCO1,2.25,18,50,79,R,80,90,10
33,33,2ec,O=C1C(C(OCC=C)=O)(C2=CC(OCO3)=C3C=C2)CCCO1,O=C(OCCC1)[C@]1(C2=CC(OCO3)=C3C=C2)CC=C,piperonyl,102.37,6,1,17.0616,-0.06,-0.15,-0.11,134,O,14.71,-0.37,CH2CH2,40.51,-0.15,CH2,23.22,-0.17,Pd2(dba)3.CHCl3,5,"(R,R)-L3",O=C(C1=C(C=CC=C1)P(C2=CC=CC=C2)C3=CC=CC=C3)N[C@H]4[C@@H](C5C6=C(C=CC=C6)C4C7=C5C=CC=C7)NC(C8=C(C=CC=C8)P(C9=CC=CC=C9)C%10=CC=CC=C%10)=O,12.5,III,239.78,53.85,104.19,47.89,dioxane,C1COCCO1,2.25,6,40,95,S,28,64,64
34,34,2ec,O=C1C(C(OCC=C)=O)(C2=CC(OCO3)=C3C=C2)CCCO1,O=C(OCCC1)[C@]1(C2=CC(OCO3)=C3C=C2)CC=C,piperonyl,102.37,6,1,17.0616,-0.06,-0.15,-0.11,134,O,14.71,-0.37,CH2CH2,40.51,-0.15,CH2,23.22,-0.17,Pd2(dba)3.CHCl3,5,"(S,S)-L1",O=C(C1=C(C=CC=C1)P(C2=CC=CC=C2)C3=CC=CC=C3)N[C@@H]4[C@@H](NC(C5=C(P(C6=CC=CC=C6)C7=CC=CC=C7)C=CC=C5)=O)CCCC4,12.5,I,65.19,79.85,116.93,37.88,dioxane,C1COCCO1,2.25,18,50,72,R,53,76.5,23.5
35,35,2fc,O=C1C(C(OCC=C)=O)(C2=C(OC)C=CC=C2OC)CCCO1,O=C(OCCC1)[C@]1(C2=C(OC)C=CC=C2OC)CC=C,"2,6-(MeO)2C6H3",132.02,4,1,33.005,0.44,-0.54,-0.11,118.5,O,14.71,-0.37,CH2CH2,40.51,-0.15,CH2,23.22,-0.17,Pd2(dba)3.CHCl3,5,"(R,R)-L3",O=C(C1=C(C=CC=C1)P(C2=CC=CC=C2)C3=CC=CC=C3)N[C@H]4[C@@H](C5C6=C(C=CC=C6)C4C7=C5C=CC=C7)NC(C8=C(C=CC=C8)P(C9=CC=CC=C9)C%10=CC=CC=C%10)=O,12.5,III,239.78,53.85,104.19,47.89,dioxane,C1COCCO1,2.25,1,40,84,S,99,99.5,99.5
36,36,2gc,O=C1C(C(OCC=C)=O)(C2=C(OC)C=C(OC)C=C2)CCCO1,O=C(OCCC1)[C@]1(C2=C(OC)C=C(OC)C=C2)CC=C,"2,4-(MeO)2C6H3",132.02,6,1,22.0033,-0.31,-0.54,-0.11,125.4,O,14.71,-0.37,CH2CH2,40.51,-0.15,CH2,23.22,-0.17,Pd2(dba)3.CHCl3,5,"(R,R)-L3",O=C(C1=C(C=CC=C1)P(C2=CC=CC=C2)C3=CC=CC=C3)N[C@H]4[C@@H](C5C6=C(C=CC=C6)C4C7=C5C=CC=C7)NC(C8=C(C=CC=C8)P(C9=CC=CC=C9)C%10=CC=CC=C%10)=O,12.5,III,239.78,53.85,104.19,47.89,dioxane,C1COCCO1,2.25,3,40,97,S,88,94,94
37,37,2hc,O=C1C(C(OCC=C)=O)(C2=C(OC)C=C(C)C=C2C)CCCO1,O=C(OCCC1)[C@]1(C2=C(OC)C=C(C)C=C2C)CC=C,"2-MeO-4,6-MeC6H2",140.53,5,1,28.106,0.3,-0.61,-0.12,136.6,O,14.71,-0.37,CH2CH2,40.51,-0.15,CH2,23.22,-0.17,Pd2(dba)3.CHCl3,5,"(R,R)-L3",O=C(C1=C(C=CC=C1)P(C2=CC=CC=C2)C3=CC=CC=C3)N[C@H]4[C@@H](C5C6=C(C=CC=C6)C4C7=C5C=CC=C7)NC(C8=C(C=CC=C8)P(C9=CC=CC=C9)C%10=CC=CC=C%10)=O,12.5,III,239.78,53.85,104.19,47.89,dioxane,C1COCCO1,2.25,18,40,61,S,79,89.5,89.5
38,38,2ic,O=C1C(C(OCC=C)=O)(C2=C(OC)C(OC)=CC=C2OC)CCCO1,O=C(OCCC1)[C@]1(C2=C(OC)C(OC)=CC=C2OC)CC=C,"2,3,6-(MeO)3C6H2",158.11,5,1,31.622,0.08,-0.42,-0.16,124,O,14.71,-0.37,CH2CH2,40.51,-0.15,CH2,23.22,-0.17,Pd2(dba)3.CHCl3,5,"(R,R)-L3",O=C(C1=C(C=CC=C1)P(C2=CC=CC=C2)C3=CC=CC=C3)N[C@H]4[C@@H](C5C6=C(C=CC=C6)C4C7=C5C=CC=C7)NC(C8=C(C=CC=C8)P(C9=CC=CC=C9)C%10=CC=CC=C%10)=O,12.5,III,239.78,53.85,104.19,47.89,dioxane,C1COCCO1,2.25,1,40,79,S,99,99.5,99.5
39,39,2jc,O=C1C(C(OCC=C)=O)(C2=C(OC)C(OC)=C(OC)C=C2)CCCO1,O=C(OCCC1)[C@]1(C2=C(OC)C(OC)=C(OC)C=C2)CC=C,"2,3,4-(MeO)3C6H2",158.11,6,1,26.3517,0.17,-0.42,-0.16,130.9,O,14.71,-0.37,CH2CH2,40.51,-0.15,CH2,23.22,-0.17,Pd2(dba)3.CHCl3,5,"(R,R)-L3",O=C(C1=C(C=CC=C1)P(C2=CC=CC=C2)C3=CC=CC=C3)N[C@H]4[C@@H](C5C6=C(C=CC=C6)C4C7=C5C=CC=C7)NC(C8=C(C=CC=C8)P(C9=CC=CC=C9)C%10=CC=CC=C%10)=O,12.5,III,239.78,53.85,104.19,47.89,dioxane,C1COCCO1,2.25,3,40,81,S,64,82,82
40,40,2jc,O=C1C(C(OCC=C)=O)(C2=C(OC)C(OC)=C(OC)C=C2)CCCO1,O=C(OCCC1)[C@]1(C2=C(OC)C(OC)=C(OC)C=C2)CC=C,"2,3,4-(MeO)3C6H2",158.11,6,1,26.3517,0.17,-0.42,-0.16,130.9,O,14.71,-0.37,CH2CH2,40.51,-0.15,CH2,23.22,-0.17,Pd2(dba)3.CHCl3,5,"(S,S)-L1",O=C(C1=C(C=CC=C1)P(C2=CC=CC=C2)C3=CC=CC=C3)N[C@@H]4[C@@H](NC(C5=C(P(C6=CC=CC=C6)C7=CC=CC=C7)C=CC=C5)=O)CCCC4,12.5,I,65.19,79.85,116.93,37.88,dioxane,C1COCCO1,2.25,18,50,48,R,37,68.5,31.5
41,41,2kc,O=C1C(C(OCC=C)=O)(C2=C(OC)C=C(OC)C=C2OC)CCCO1,O=C(OCCC1)[C@]1(C2=C(OC)C=C(OC)C=C2OC)CC=C,"2,4,6-(MeO)3C6H2",158.11,6,1,26.3517,0.01,-0.81,-0.16,110.7,O,14.71,-0.37,CH2CH2,40.51,-0.15,CH2,23.22,-0.17,Pd2(dba)3.CHCl3,5,"(R,R)-L3",O=C(C1=C(C=CC=C1)P(C2=CC=CC=C2)C3=CC=CC=C3)N[C@H]4[C@@H](C5C6=C(C=CC=C6)C4C7=C5C=CC=C7)NC(C8=C(C=CC=C8)P(C9=CC=CC=C9)C%10=CC=CC=C%10)=O,12.5,III,239.78,53.85,104.19,47.89,dioxane,C1COCCO1,2.25,1,40,89,S,99,99.5,99.5
42,42,2kc,O=C1C(C(OCC=C)=O)(C2=C(OC)C=C(OC)C=C2OC)CCCO1,O=C(OCCC1)[C@]1(C2=C(OC)C=C(OC)C=C2OC)CC=C,"2,4,6-(MeO)3C6H2",158.11,6,1,26.3517,0.01,-0.81,-0.16,110.7,O,14.71,-0.37,CH2CH2,40.51,-0.15,CH2,23.22,-0.17,Pd2(dba)3.CHCl3,5,"(R,R)-L1",O=C(N[C@H]1[C@@H](CCCC1)NC(C2=C(C=CC=C2)P(C3=CC=CC=C3)C4=CC=CC=C4)=O)C5=C(P(C6=CC=CC=C6)C7=CC=CC=C7)C=CC=C5,12.5,I,65.19,79.85,116.93,37.88,dioxane,C1COCCO1,2.25,18,40,18,R*,70,85,15
43,43,2kc,O=C1C(C(OCC=C)=O)(C2=C(OC)C=C(OC)C=C2OC)CCCO1,O=C(OCCC1)[C@]1(C2=C(OC)C=C(OC)C=C2OC)CC=C,"2,4,6-(MeO)3C6H2",158.11,6,1,26.3517,0.01,-0.81,-0.16,110.7,O,14.71,-0.37,CH2CH2,40.51,-0.15,CH2,23.22,-0.17,Pd2(dba)3.CHCl3,5,"(S,S)-L2",O=C(N[C@@H]1[C@H](CCCC1)NC(C2=C([P](C3=CC=CC=C3)C4=CC=CC=C4)C=CC5=C2C=CC=C5)=O)C6=C([P](C7=CC=CC=C7)C8=CC=CC=C8)C=CC9=C6C=CC=C9,12.5,II,37.88,79.85,142.63,63.87,dioxane,C1COCCO1,2.25,18,40,25,R,27,63.5,36.5
44,44,2lc,O=C1C(C(OCC=C)=O)(C2=C(C=CC=C3)C3=CC=C2OC)CCCO1,O=C(OCCC1)[C@]1(C2=C(C=CC=C3)C3=CC=C2OC)CC=C,2-MeO-naphthyl,145.27,7,1,20.753,0.34,-0.27,-0.05,122.7,O,14.71,-0.37,CH2CH2,40.51,-0.15,CH2,23.22,-0.17,Pd2(dba)3.CHCl3,5,"(R,R)-L3",O=C(C1=C(C=CC=C1)P(C2=CC=CC=C2)C3=CC=CC=C3)N[C@H]4[C@@H](C5C6=C(C=CC=C6)C4C7=C5C=CC=C7)NC(C8=C(C=CC=C8)P(C9=CC=CC=C9)C%10=CC=CC=C%10)=O,12.5,III,239.78,53.85,104.19,47.89,dioxane,C1COCCO1,2.25,3,40,74,S,94,97,97
45,45,2mc,O=C1C(C(OCC=C)=O)(C2=C(C=CC=C3)C3=CC=C2OCC4=CC=CC=C4)CCCO1,O=C(OCCC1)[C@]1(C2=C(C=CC=C3)C3=CC=C2OCC4=CC=CC=C4)CC=C,2-BnO-naphthyl,219.2,8,1,27.4,0.39,-0.24,-0.05,123,O,14.71,-0.37,CH2CH2,40.51,-0.15,CH2,23.22,-0.17,Pd2(dba)3.CHCl3,5,"(R,R)-L3",O=C(C1=C(C=CC=C1)P(C2=CC=CC=C2)C3=CC=CC=C3)N[C@H]4[C@@H](C5C6=C(C=CC=C6)C4C7=C5C=CC=C7)NC(C8=C(C=CC=C8)P(C9=CC=CC=C9)C%10=CC=CC=C%10)=O,12.5,III,239.78,53.85,104.19,47.89,dioxane,C1COCCO1,2.25,3,40,81,S,97,98.5,98.5
46,46,2kc,O=C1C(C(OCC=C)=O)(C2=C(OC)C=C(OC)C=C2OC)CCCO1,O=C(OCCC1)[C@]1(C2=C(OC)C=C(OC)C=C2OC)CC=C,"2,4,6-(MeO)3C6H2",158.11,6,1,26.3517,0.01,-0.81,-0.16,110.7,O,14.71,-0.37,CH2CH2,40.51,-0.15,CH2,23.22,-0.17,Pd2(dba)3.CHCl3,5,"(R,R)-L3",O=C(C1=C(C=CC=C1)P(C2=CC=CC=C2)C3=CC=CC=C3)N[C@H]4[C@@H](C5C6=C(C=CC=C6)C4C7=C5C=CC=C7)NC(C8=C(C=CC=C8)P(C9=CC=CC=C9)C%10=CC=CC=C%10)=O,12.5,III,239.78,53.85,104.19,47.89,toluene,CC1=CC=CC=C1,2.38,18,40,17,S,99,99.5,99.5
47,47,2kc,O=C1C(C(OCC=C)=O)(C2=C(OC)C=C(OC)C=C2OC)CCCO1,O=C(OCCC1)[C@]1(C2=C(OC)C=C(OC)C=C2OC)CC=C,"2,4,6-(MeO)3C6H2",158.11,6,1,26.3517,0.01,-0.81,-0.16,110.7,O,14.71,-0.37,CH2CH2,40.51,-0.15,CH2,23.22,-0.17,Pd2(dba)3.CHCl3,5,"(R,R)-L3",O=C(C1=C(C=CC=C1)P(C2=CC=CC=C2)C3=CC=CC=C3)N[C@H]4[C@@H](C5C6=C(C=CC=C6)C4C7=C5C=CC=C7)NC(C8=C(C=CC=C8)P(C9=CC=CC=C9)C%10=CC=CC=C%10)=O,12.5,III,239.78,53.85,104.19,47.89,2-Me-THF,CC1CCCO1,6.97,18,40,19,S,97,98.5,98.5
48,48,2kc,O=C1C(C(OCC=C)=O)(C2=C(OC)C=C(OC)C=C2OC)CCCO1,O=C(OCCC1)[C@]1(C2=C(OC)C=C(OC)C=C2OC)CC=C,"2,4,6-(MeO)3C6H2",158.11,6,1,26.3517,0.01,-0.81,-0.16,110.7,O,14.71,-0.37,CH2CH2,40.51,-0.15,CH2,23.22,-0.17,Pd2(dba)3.CHCl3,5,"(R,R)-L3",O=C(C1=C(C=CC=C1)P(C2=CC=CC=C2)C3=CC=CC=C3)N[C@H]4[C@@H](C5C6=C(C=CC=C6)C4C7=C5C=CC=C7)NC(C8=C(C=CC=C8)P(C9=CC=CC=C9)C%10=CC=CC=C%10)=O,12.5,III,239.78,53.85,104.19,47.89,MTBE,COC(C)(C)C,4.5,18,40,34,S,99,99.5,99.5
49,49,2kc,O=C1C(C(OCC=C)=O)(C2=C(OC)C=C(OC)C=C2OC)CCCO1,O=C(OCCC1)[C@]1(C2=C(OC)C=C(OC)C=C2OC)CC=C,"2,4,6-(MeO)3C6H2",158.11,6,1,26.3517,0.01,-0.81,-0.16,110.7,O,14.71,-0.37,CH2CH2,40.51,-0.15,CH2,23.22,-0.17,Pd2(dba)3.CHCl3,5,"(R,R)-L3",O=C(C1=C(C=CC=C1)P(C2=CC=CC=C2)C3=CC=CC=C3)N[C@H]4[C@@H](C5C6=C(C=CC=C6)C4C7=C5C=CC=C7)NC(C8=C(C=CC=C8)P(C9=CC=CC=C9)C%10=CC=CC=C%10)=O,12.5,III,239.78,53.85,104.19,47.89,DME,COCCOC,7.2,18,40,27,S,99,99.5,99.5
50,50,2kc,O=C1C(C(OCC=C)=O)(C2=C(OC)C=C(OC)C=C2OC)CCCO1,O=C(OCCC1)[C@]1(C2=C(OC)C=C(OC)C=C2OC)CC=C,"2,4,6-(MeO)3C6H2",158.11,6,1,26.3517,0.01,-0.81,-0.16,110.7,O,14.71,-0.37,CH2CH2,40.51,-0.15,CH2,23.22,-0.17,Pd2(dba)3.CHCl3,5,"(R,R)-L3",O=C(C1=C(C=CC=C1)P(C2=CC=CC=C2)C3=CC=CC=C3)N[C@H]4[C@@H](C5C6=C(C=CC=C6)C4C7=C5C=CC=C7)NC(C8=C(C=CC=C8)P(C9=CC=CC=C9)C%10=CC=CC=C%10)=O,12.5,III,239.78,53.85,104.19,47.89,THF,C1CCCO1,7.58,18,40,11,S,98,99,99
51,51,2be,O=C1C(C(OCC=C)=O)(C2=CC=C(OC)C=C2)C3=CC=CC=C3CO1,O=C(OCC1=C2C=CC=C1)[C@]2(C3=CC=C(OC)C=C3)CC=C,4-MeOC6H4,105.93,6,,17.665,-0.27,-0.27,-0.05,130.9,O,14.71,-0.37,CH2,23.22,-0.17,C6H4,78.53,-0.01,Pd2(dba)3.CHCl3,5,"(R,R)-L3",O=C(C1=C(C=CC=C1)P(C2=CC=CC=C2)C3=CC=CC=C3)N[C@H]4[C@@H](C5C6=C(C=CC=C6)C4C7=C5C=CC=C7)NC(C8=C(C=CC=C8)P(C9=CC=CC=C9)C%10=CC=CC=C%10)=O,13,III,239.78,53.85,104.19,47.89,dioxane,C1COCCO1,2.25,10,25,90,S,67,83.5,83.5
52,52,2he,O=C1C(C(OCC=C)=O)(C2=C(C)C=C(C)C=C2OC)C3=CC=CC=C3CO1,O=C(OCC1=C2C=CC=C1)[C@]2(C3=C(OC)C=C(C)C=C3C)CC=C,"2-MeO-4,6-MeC6H2",140.53,5,1,28.106,0.3,-0.61,-0.12,133.2,O,14.71,-0.37,CH2,23.22,-0.17,C6H4,78.53,-0.01,Pd2(dba)3.CHCl3,5,"(R,R)-L3",O=C(C1=C(C=CC=C1)P(C2=CC=CC=C2)C3=CC=CC=C3)N[C@H]4[C@@H](C5C6=C(C=CC=C6)C4C7=C5C=CC=C7)NC(C8=C(C=CC=C8)P(C9=CC=CC=C9)C%10=CC=CC=C%10)=O,13,III,239.78,53.85,104.19,47.89,dioxane,C1COCCO1,2.25,10,25,89,S,64,82,82
53,53,2ke,O=C1C(C(OCC=C)=O)(C2=C(OC)C=C(OC)C=C2OC)C3=CC=CC=C3CO1,O=C(OCC1=C2C=CC=C1)[C@]2(C3=C(OC)C=C(OC)C=C3OC)CC=C,"2,4,6-(MeO)3C6H2",158.11,6,1,26.3517,0.01,-0.81,-0.16,111.9,O,14.71,-0.37,CH2,23.22,-0.17,C6H4,78.53,-0.01,Pd2(dba)3.CHCl3,5,"(R,R)-L3",O=C(C1=C(C=CC=C1)P(C2=CC=CC=C2)C3=CC=CC=C3)N[C@H]4[C@@H](C5C6=C(C=CC=C6)C4C7=C5C=CC=C7)NC(C8=C(C=CC=C8)P(C9=CC=CC=C9)C%10=CC=CC=C%10)=O,13,III,239.78,53.85,104.19,47.89,dioxane,C1COCCO1,2.25,10,25,95,S,93,96.5,96.5
54,54,2me,O=C1C(C(OCC=C)=O)(C2=C(OCC3=CC=CC=C3)C=CC4=C2C=CC=C4)C5=CC=CC=C5CO1,O=C(OCC1=C2C=CC=C1)[C@]2(C3=C(C=CC=C4)C4=CC=C3OCC5=CC=CC=C5)CC=C,2-BnO-naphthyl,219.2,8,1,27.4,0.39,-0.24,-0.05,120.4,O,14.71,-0.37,CH2,23.22,-0.17,C6H4,78.53,-0.01,Pd2(dba)3.CHCl3,5,"(R,R)-L3",O=C(C1=C(C=CC=C1)P(C2=CC=CC=C2)C3=CC=CC=C3)N[C@H]4[C@@H](C5C6=C(C=CC=C6)C4C7=C5C=CC=C7)NC(C8=C(C=CC=C8)P(C9=CC=CC=C9)C%10=CC=CC=C%10)=O,13,III,239.78,53.85,104.19,47.89,dioxane,C1COCCO1,2.25,10,25,93,S,93,96.5,96.5
55,55,2bd,O=C1C(C(OCC=C)=O)(C2=CC=C(OC)C=C2)CC3=CC=CC=C3O1,O=C(OC(C=CC=C1)=C1C2)[C@]2(C3=CC=C(OC)C=C3)CC=C,4-MeOC6H4,105.93,6,1,17.665,-0.27,-0.27,-0.05,122.4,O,14.71,-0.37,C6H4,78.53,-0.01,CH2,23.22,-0.17,Pd2(dba)3.CHCl3,5,"(R,R)-L3",O=C(C1=C(C=CC=C1)P(C2=CC=CC=C2)C3=CC=CC=C3)N[C@H]4[C@@H](C5C6=C(C=CC=C6)C4C7=C5C=CC=C7)NC(C8=C(C=CC=C8)P(C9=CC=CC=C9)C%10=CC=CC=C%10)=O,13,III,239.78,53.85,104.19,47.89,dioxane,C1COCCO1,2.25,10,25,95,S,24,62,62
56,56,2cd,O=C1C(C(OCC=C)=O)(C2=CC=C(C(F)(F)F)C=C2)CC3=CC=CC=C3O1,O=C(OC(C=CC=C1)=C1C2)[C@]2(C3=CC=C(C(F)(F)F)C=C3)CC=C,4-CF3C6H4,115.35,6,1,19.225,0.54,0.54,0.11,141.6,O,14.71,-0.37,C6H4,78.53,-0.01,CH2,23.22,-0.17,Pd2(dba)3.CHCl3,5,"(R,R)-L3",O=C(C1=C(C=CC=C1)P(C2=CC=CC=C2)C3=CC=CC=C3)N[C@H]4[C@@H](C5C6=C(C=CC=C6)C4C7=C5C=CC=C7)NC(C8=C(C=CC=C8)P(C9=CC=CC=C9)C%10=CC=CC=C%10)=O,13,III,239.78,53.85,104.19,47.89,dioxane,C1COCCO1,2.25,10,25,93,S,25,62.5,62.5
57,57,2ed,O=C1C(C(OCC=C)=O)(C2=CC(OCO3)=C3C=C2)CC4=CC=CC=C4O1,O=C(OC(C=CC=C1)=C1C2)[C@]2(C3=CC(OCO4)=C4C=C3)CC=C,piperonyl,102.37,6,1,17.0616,-0.06,-0.15,-0.11,124.4,O,14.71,-0.37,C6H4,78.53,-0.01,CH2,23.22,-0.17,Pd2(dba)3.CHCl3,5,"(R,R)-L3",O=C(C1=C(C=CC=C1)P(C2=CC=CC=C2)C3=CC=CC=C3)N[C@H]4[C@@H](C5C6=C(C=CC=C6)C4C7=C5C=CC=C7)NC(C8=C(C=CC=C8)P(C9=CC=CC=C9)C%10=CC=CC=C%10)=O,13,III,239.78,53.85,104.19,47.89,dioxane,C1COCCO1,2.25,10,25,85,S,19,59.5,59.5
58,58,2fd,O=C1C(C(OCC=C)=O)(C2=C(OC)C=CC=C2OC)CC3=CC=CC=C3O1,O=C(OC(C=CC=C1)=C1C2)[C@]2(C3=C(OC)C=CC=C3OC)CC=C,"2,6-(MeO)2C6H3",132.02,4,1,33.005,0.44,-0.54,-0.11,115.9,O,14.71,-0.37,C6H4,78.53,-0.01,CH2,23.22,-0.17,Pd2(dba)3.CHCl3,5,"(R,R)-L3",O=C(C1=C(C=CC=C1)P(C2=CC=CC=C2)C3=CC=CC=C3)N[C@H]4[C@@H](C5C6=C(C=CC=C6)C4C7=C5C=CC=C7)NC(C8=C(C=CC=C8)P(C9=CC=CC=C9)C%10=CC=CC=C%10)=O,13,III,239.78,53.85,104.19,47.89,dioxane,C1COCCO1,2.25,10,25,93,S,96,98,98
59,59,2gd,O=C1C(C(OCC=C)=O)(C2=C(OC)C=C(OC)C=C2)CC3=CC=CC=C3O1,O=C(OC(C=CC=C1)=C1C2)[C@]2(C3=C(OC)C=C(OC)C=C3)CC=C,"2,4-(MeO)2C6H3",132.02,6,1,22.0033,-0.31,-0.54,-0.11,120.5,O,14.71,-0.37,C6H4,78.53,-0.01,CH2,23.22,-0.17,Pd2(dba)3.CHCl3,5,"(R,R)-L3",O=C(C1=C(C=CC=C1)P(C2=CC=CC=C2)C3=CC=CC=C3)N[C@H]4[C@@H](C5C6=C(C=CC=C6)C4C7=C5C=CC=C7)NC(C8=C(C=CC=C8)P(C9=CC=CC=C9)C%10=CC=CC=C%10)=O,13,III,239.78,53.85,104.19,47.89,dioxane,C1COCCO1,2.25,10,25,90,S,91,95.5,95.5
60,60,2hd,O=C1C(C(OCC=C)=O)(C2=C(OC)C=C(C)C=C2C)CC3=CC=CC=C3O1,O=C(OC(C=CC=C1)=C1C2)[C@]2(C3=C(OC)C=C(C)C=C3C)CC=C,"2-MeO-4,6-MeC6H2",140.53,5,1,28.106,0.3,-0.61,-0.12,123.5,O,14.71,-0.37,C6H4,78.53,-0.01,CH2,23.22,-0.17,Pd2(dba)3.CHCl3,5,"(R,R)-L3",O=C(C1=C(C=CC=C1)P(C2=CC=CC=C2)C3=CC=CC=C3)N[C@H]4[C@@H](C5C6=C(C=CC=C6)C4C7=C5C=CC=C7)NC(C8=C(C=CC=C8)P(C9=CC=CC=C9)C%10=CC=CC=C%10)=O,13,III,239.78,53.85,104.19,47.89,dioxane,C1COCCO1,2.25,10,25,83,S,37,68.5,68.5
61,61,2id,O=C1C(C(OCC=C)=O)(C2=C(OC)C(OC)=CC=C2OC)CC3=CC=CC=C3O1,O=C(OC(C=CC=C1)=C1C2)[C@]2(C3=C(OC)C(OC)=CC=C3OC)CC=C,"2,3,6-(MeO)3C6H2",158.11,5,1,31.622,0.08,-0.42,-0.16,121.6,O,14.71,-0.37,C6H4,78.53,-0.01,CH2,23.22,-0.17,Pd2(dba)3.CHCl3,5,"(R,R)-L3",O=C(C1=C(C=CC=C1)P(C2=CC=CC=C2)C3=CC=CC=C3)N[C@H]4[C@@H](C5C6=C(C=CC=C6)C4C7=C5C=CC=C7)NC(C8=C(C=CC=C8)P(C9=CC=CC=C9)C%10=CC=CC=C%10)=O,13,III,239.78,53.85,104.19,47.89,dioxane,C1COCCO1,2.25,10,25,85,S,93,96.5,96.5
62,62,2jd,O=C1C(C(OCC=C)=O)(C2=C(OC)C(OC)=C(OC)C=C2)CC3=CC=CC=C3O1,O=C(OC(C=CC=C1)=C1C2)[C@]2(C3=C(OC)C(OC)=C(OC)C=C3)CC=C,"2,3,4-(MeO)3C6H2",158.11,6,1,26.3517,0.17,-0.42,-0.16,122.5,O,14.71,-0.37,C6H4,78.53,-0.01,CH2,23.22,-0.17,Pd2(dba)3.CHCl3,5,"(R,R)-L3",O=C(C1=C(C=CC=C1)P(C2=CC=CC=C2)C3=CC=CC=C3)N[C@H]4[C@@H](C5C6=C(C=CC=C6)C4C7=C5C=CC=C7)NC(C8=C(C=CC=C8)P(C9=CC=CC=C9)C%10=CC=CC=C%10)=O,13,III,239.78,53.85,104.19,47.89,dioxane,C1COCCO1,2.25,10,25,82,S,76,88,88
63,63,2kd,O=C1C(C(OCC=C)=O)(C2=C(OC)C=C(OC)C=C2OC)CC3=CC=CC=C3O1,O=C(OC(C=CC=C1)=C1C2)[C@]2(C3=C(OC)C=C(OC)C=C3OC)CC=C,"2,4,6-(MeO)3C6H2",158.11,6,1,26.3517,0.01,-0.81,-0.16,108.3,O,14.71,-0.37,C6H4,78.53,-0.01,CH2,23.22,-0.17,Pd2(dba)3.CHCl3,5,"(R,R)-L3",O=C(C1=C(C=CC=C1)P(C2=CC=CC=C2)C3=CC=CC=C3)N[C@H]4[C@@H](C5C6=C(C=CC=C6)C4C7=C5C=CC=C7)NC(C8=C(C=CC=C8)P(C9=CC=CC=C9)C%10=CC=CC=C%10)=O,13,III,239.78,53.85,104.19,47.89,dioxane,C1COCCO1,2.25,10,25,95,S,96,98,98
64,64,2kd,O=C1C(C(OCC=C)=O)(C2=C(OC)C=C(OC)C=C2OC)CC3=CC=CC=C3O1,O=C(OC(C=CC=C1)=C1C2)[C@]2(C3=C(OC)C=C(OC)C=C3OC)CC=C,"2,4,6-(MeO)3C6H2",158.11,6,1,26.3517,0.01,-0.81,-0.16,108.3,O,14.71,-0.37,C6H4,78.53,-0.01,CH2,23.22,-0.17,Pd2(dba)3.CHCl3,2.5,"(R,R)-L1",O=C(N[C@H]1[C@@H](CCCC1)NC(C2=C(C=CC=C2)P(C3=CC=CC=C3)C4=CC=CC=C4)=O)C5=C(P(C6=CC=CC=C6)C7=CC=CC=C7)C=CC=C5,6.5,I,65.19,79.85,116.93,37.88,dioxane,C1COCCO1,2.25,24,25,60,R*,84,92,8
65,65,2ld,O=C1C(C(OCC=C)=O)(C2=C(C=CC=C3)C3=CC=C2OC)CC4=CC=CC=C4O1,O=C(OC(C=CC=C1)=C1C2)[C@]2(C3=C(C=CC=C4)C4=CC=C3OC)CC=C,2-MeO-naphthyl,145.27,7,1,20.753,0.34,-0.27,-0.05,120,O,14.71,-0.37,C6H4,78.53,-0.01,CH2,23.22,-0.17,Pd2(dba)3.CHCl3,5,"(R,R)-L3",O=C(C1=C(C=CC=C1)P(C2=CC=CC=C2)C3=CC=CC=C3)N[C@H]4[C@@H](C5C6=C(C=CC=C6)C4C7=C5C=CC=C7)NC(C8=C(C=CC=C8)P(C9=CC=CC=C9)C%10=CC=CC=C%10)=O,13,III,239.78,53.85,104.19,47.89,dioxane,C1COCCO1,2.25,10,25,91,S,70,85,85
66,66,2md,O=C1C(C(OCC=C)=O)(C2=C(C=CC=C3)C3=CC=C2OCC4=CC=CC=C4)CC5=CC=CC=C5O1,O=C(OC(C=CC=C1)=C1C2)[C@]2(C3=C(C=CC=C4)C4=CC=C3OCC5=CC=CC=C5)CC=C,2-BnO-naphthyl,219.2,8,1,27.4,0.39,-0.24,-0.05,120.3,O,14.71,-0.37,C6H4,78.53,-0.01,CH2,23.22,-0.17,Pd2(dba)3.CHCl3,5,"(R,R)-L3",O=C(C1=C(C=CC=C1)P(C2=CC=CC=C2)C3=CC=CC=C3)N[C@H]4[C@@H](C5C6=C(C=CC=C6)C4C7=C5C=CC=C7)NC(C8=C(C=CC=C8)P(C9=CC=CC=C9)C%10=CC=CC=C%10)=O,13,III,239.78,53.85,104.19,47.89,dioxane,C1COCCO1,2.25,10,25,80,S,82,91,91
67,67,2kd,O=C1C(C(OCC=C)=O)(C2=C(OC)C=C(OC)C=C2OC)CC3=CC=CC=C3O1,O=C(OC(C=CC=C1)=C1C2)[C@]2(C3=C(OC)C=C(OC)C=C3OC)CC=C,"2,4,6-(MeO)3C6H2",158.11,6,1,26.3517,0.01,-0.81,-0.16,108.3,O,14.71,-0.37,C6H4,78.53,-0.01,CH2,23.22,-0.17,Pd2(dba)3.CHCl3,2.5,"(R,R)-L3",O=C(C1=C(C=CC=C1)P(C2=CC=CC=C2)C3=CC=CC=C3)N[C@H]4[C@@H](C5C6=C(C=CC=C6)C4C7=C5C=CC=C7)NC(C8=C(C=CC=C8)P(C9=CC=CC=C9)C%10=CC=CC=C%10)=O,13,III,239.78,53.85,104.19,47.89,THF,C1CCCO1,7.58,24,25,61,S,94,97,97
68,68,2kd,O=C1C(C(OCC=C)=O)(C2=C(OC)C=C(OC)C=C2OC)CC3=CC=CC=C3O1,O=C(OC(C=CC=C1)=C1C2)[C@]2(C3=C(OC)C=C(OC)C=C3OC)CC=C,"2,4,6-(MeO)3C6H2",158.11,6,1,26.3517,0.01,-0.81,-0.16,108.3,O,14.71,-0.37,C6H4,78.53,-0.01,CH2,23.22,-0.17,Pd2(dba)3.CHCl3,2.5,"(R,R)-L3",O=C(C1=C(C=CC=C1)P(C2=CC=CC=C2)C3=CC=CC=C3)N[C@H]4[C@@H](C5C6=C(C=CC=C6)C4C7=C5C=CC=C7)NC(C8=C(C=CC=C8)P(C9=CC=CC=C9)C%10=CC=CC=C%10)=O,13,III,239.78,53.85,104.19,47.89,MTBE,COC(C)(C)C,4.5,48,25,48,S,95,97.5,97.5
69,69,2kd,O=C1C(C(OCC=C)=O)(C2=C(OC)C=C(OC)C=C2OC)CC3=CC=CC=C3O1,O=C(OC(C=CC=C1)=C1C2)[C@]2(C3=C(OC)C=C(OC)C=C3OC)CC=C,"2,4,6-(MeO)3C6H2",158.11,6,1,26.3517,0.01,-0.81,-0.16,108.3,O,14.71,-0.37,C6H4,78.53,-0.01,CH2,23.22,-0.17,Pd2(dba)3.CHCl3,2.5,"(R,R)-L3",O=C(C1=C(C=CC=C1)P(C2=CC=CC=C2)C3=CC=CC=C3)N[C@H]4[C@@H](C5C6=C(C=CC=C6)C4C7=C5C=CC=C7)NC(C8=C(C=CC=C8)P(C9=CC=CC=C9)C%10=CC=CC=C%10)=O,13,III,239.78,53.85,104.19,47.89,DCM,ClCCl,8.93,48,25,9,S,49,74.5,74.5
70,70,2kd,O=C1C(C(OCC=C)=O)(C2=C(OC)C=C(OC)C=C2OC)CC3=CC=CC=C3O1,O=C(OC(C=CC=C1)=C1C2)[C@]2(C3=C(OC)C=C(OC)C=C3OC)CC=C,"2,4,6-(MeO)3C6H2",158.11,6,1,26.3517,0.01,-0.81,-0.16,108.3,O,14.71,-0.37,C6H4,78.53,-0.01,CH2,23.22,-0.17,Pd2(dba)3.CHCl3,2.5,"(R,R)-L3",O=C(C1=C(C=CC=C1)P(C2=CC=CC=C2)C3=CC=CC=C3)N[C@H]4[C@@H](C5C6=C(C=CC=C6)C4C7=C5C=CC=C7)NC(C8=C(C=CC=C8)P(C9=CC=CC=C9)C%10=CC=CC=C%10)=O,13,III,239.78,53.85,104.19,47.89,toluene,CC1=CC=CC=C1,2.38,48,25,8,S,91,95.5,95.5
71,71,2af,O=C1N(C2=CC=CC=C2C1(C3=CC=CC=C3)C(OCC=C)=O)C,O=C1[C@@](CC=C)(C2=CC=CC=C2)C3=C(C=CC=C3)N1C,Ph,79.85,4,1,19.9625,0,0,0,132.3,NMe,34.21,-0.7,C3H2,39.265,0,C3H2,39.265,0,Pd2(dba)3.CHCl3,5,"(R,R)-L3",O=C(C1=C(C=CC=C1)P(C2=CC=CC=C2)C3=CC=CC=C3)N[C@H]4[C@@H](C5C6=C(C=CC=C6)C4C7=C5C=CC=C7)NC(C8=C(C=CC=C8)P(C9=CC=CC=C9)C%10=CC=CC=C%10)=O,12.5,III,239.78,53.85,104.19,47.89,toluene,CC1=CC=CC=C1,2.38,3,25,91,S,63,81.5,81.5
72,72,2bf,O=C1N(C2=CC=CC=C2C1(C3=CC=C(OC)C=C3)C(OCC=C)=O)C,O=C1[C@@](CC=C)(C2=CC=C(OC)C=C2)C3=C(C=CC=C3)N1C,4-MeOC6H4,105.93,6,1,17.665,-0.27,-0.27,-0.05,131.5,NMe,34.21,-0.7,C3H2,39.265,0,C3H2,39.265,0,Pd2(dba)3.CHCl3,5,"(R,R)-L3",O=C(C1=C(C=CC=C1)P(C2=CC=CC=C2)C3=CC=CC=C3)N[C@H]4[C@@H](C5C6=C(C=CC=C6)C4C7=C5C=CC=C7)NC(C8=C(C=CC=C8)P(C9=CC=CC=C9)C%10=CC=CC=C%10)=O,12.5,III,239.78,53.85,104.19,47.89,toluene,CC1=CC=CC=C1,2.38,3,25,97,S,58,79,79
73,73,2cf,O=C1N(C2=CC=CC=C2C1(C3=CC=C(C(F)(F)F)C=C3)C(OCC=C)=O)C,O=C1[C@@](CC=C)(C2=CC=C(C(F)(F)F)C=C2)C3=C(C=CC=C3)N1C,4-CF3C6H4,115.35,6,1,19.225,0.54,0.54,0.11,143.4,NMe,34.21,-0.7,C3H2,39.265,0,C3H2,39.265,0,Pd2(dba)3.CHCl3,5,"(R,R)-L3",O=C(C1=C(C=CC=C1)P(C2=CC=CC=C2)C3=CC=CC=C3)N[C@H]4[C@@H](C5C6=C(C=CC=C6)C4C7=C5C=CC=C7)NC(C8=C(C=CC=C8)P(C9=CC=CC=C9)C%10=CC=CC=C%10)=O,12.5,III,239.78,53.85,104.19,47.89,toluene,CC1=CC=CC=C1,2.38,3,25,96,S,56,78,78
74,74,2ef,O=C1N(C2=CC=CC=C2C1(C3=CC=C(OCO4)C4=C3)C(OCC=C)=O)C,O=C1[C@@](CC=C)(C2=CC(OCO3)=C3C=C2)C4=C(C=CC=C4)N1C,piperonyl,102.37,6,1,17.0616,-0.06,-0.15,-0.11,131.7,NMe,34.21,-0.7,C3H2,39.265,0,C3H2,39.265,0,Pd2(dba)3.CHCl3,5,"(R,R)-L3",O=C(C1=C(C=CC=C1)P(C2=CC=CC=C2)C3=CC=CC=C3)N[C@H]4[C@@H](C5C6=C(C=CC=C6)C4C7=C5C=CC=C7)NC(C8=C(C=CC=C8)P(C9=CC=CC=C9)C%10=CC=CC=C%10)=O,12.5,III,239.78,53.85,104.19,47.89,toluene,CC1=CC=CC=C1,2.38,3,25,96,S,62,81,81
75,75,2ff,O=C1N(C2=CC=CC=C2C1(C3=C(OC)C=CC=C3OC)C(OCC=C)=O)C,O=C1[C@@](CC=C)(C2=C(OC)C=CC=C2OC)C3=C(C=CC=C3)N1C,"2,6-(MeO)2C6H3",132.02,4,1,33.005,0.44,-0.54,-0.11,117.3,NMe,34.21,-0.7,C3H2,39.265,0,C3H2,39.265,0,Pd2(dba)3.CHCl3,5,"(R,R)-L3",O=C(C1=C(C=CC=C1)P(C2=CC=CC=C2)C3=CC=CC=C3)N[C@H]4[C@@H](C5C6=C(C=CC=C6)C4C7=C5C=CC=C7)NC(C8=C(C=CC=C8)P(C9=CC=CC=C9)C%10=CC=CC=C%10)=O,12.5,III,239.78,53.85,104.19,47.89,toluene,CC1=CC=CC=C1,2.38,3,25,98,R,96,98,98
76,76,2gf,O=C1N(C2=CC=CC=C2C1(C3=CC=C(OC)C=C3OC)C(OCC=C)=O)C,O=C1[C@@](CC=C)(C2=C(OC)C=C(OC)C=C2)C3=C(C=CC=C3)N1C,"2,4-(MeO)2C6H3",132.02,6,1,22.0033,-0.31,-0.54,-0.11,122.1,NMe,34.21,-0.7,C3H2,39.265,0,C3H2,39.265,0,Pd2(dba)3.CHCl3,5,"(R,R)-L3",O=C(C1=C(C=CC=C1)P(C2=CC=CC=C2)C3=CC=CC=C3)N[C@H]4[C@@H](C5C6=C(C=CC=C6)C4C7=C5C=CC=C7)NC(C8=C(C=CC=C8)P(C9=CC=CC=C9)C%10=CC=CC=C%10)=O,12.5,III,239.78,53.85,104.19,47.89,toluene,CC1=CC=CC=C1,2.38,3,25,93,R,98,99,99
77,77,2hf,O=C1N(C2=CC=CC=C2C1(C3=C(C)C=C(C)C=C3OC)C(OCC=C)=O)C,O=C1[C@@](CC=C)(C2=C(C)C=C(C)C=C2OC)C3=C(C=CC=C3)N1C,"2-MeO-4,6-MeC6H2",140.53,5,1,28.106,0.3,-0.61,-0.12,123,NMe,34.21,-0.7,C3H2,39.265,0,C3H2,39.265,0,Pd2(dba)3.CHCl3,5,"(R,R)-L3",O=C(C1=C(C=CC=C1)P(C2=CC=CC=C2)C3=CC=CC=C3)N[C@H]4[C@@H](C5C6=C(C=CC=C6)C4C7=C5C=CC=C7)NC(C8=C(C=CC=C8)P(C9=CC=CC=C9)C%10=CC=CC=C%10)=O,12.5,III,239.78,53.85,104.19,47.89,toluene,CC1=CC=CC=C1,2.38,3,25,98,R,56,78,78
78,78,2if,O=C1N(C2=CC=CC=C2C1(C3=C(OC)C=CC(OC)=C3OC)C(OCC=C)=O)C,O=C1[C@@](CC=C)(C2=C(OC)C=CC(OC)=C2OC)C3=C(C=CC=C3)N1C,"2,3,6-(MeO)3C6H2",158.11,5,1,31.622,0.08,-0.42,-0.16,123.4,NMe,34.21,-0.7,C3H2,39.265,0,C3H2,39.265,0,Pd2(dba)3.CHCl3,5,"(R,R)-L3",O=C(C1=C(C=CC=C1)P(C2=CC=CC=C2)C3=CC=CC=C3)N[C@H]4[C@@H](C5C6=C(C=CC=C6)C4C7=C5C=CC=C7)NC(C8=C(C=CC=C8)P(C9=CC=CC=C9)C%10=CC=CC=C%10)=O,12.5,III,239.78,53.85,104.19,47.89,toluene,CC1=CC=CC=C1,2.38,3,25,97,R,94,97,97
79,79,2jf,O=C1N(C2=CC=CC=C2C1(C3=CC=C(OC)C(OC)=C3OC)C(OCC=C)=O)C,O=C1[C@@](CC=C)(C2=CC=C(OC)C(OC)=C2OC)C3=C(C=CC=C3)N1C,"2,3,4-(MeO)3C6H2",158.11,6,1,26.3517,0.17,-0.42,-0.16,127.1,NMe,34.21,-0.7,C3H2,39.265,0,C3H2,39.265,0,Pd2(dba)3.CHCl3,5,"(R,R)-L3",O=C(C1=C(C=CC=C1)P(C2=CC=CC=C2)C3=CC=CC=C3)N[C@H]4[C@@H](C5C6=C(C=CC=C6)C4C7=C5C=CC=C7)NC(C8=C(C=CC=C8)P(C9=CC=CC=C9)C%10=CC=CC=C%10)=O,12.5,III,239.78,53.85,104.19,47.89,toluene,CC1=CC=CC=C1,2.38,3,25,98,R,92,96,96
80,80,2kf,O=C1N(C2=CC=CC=C2C1(C3=C(OC)C=C(OC)C=C3OC)C(OCC=C)=O)C,O=C1[C@@](CC=C)(C2=C(OC)C=C(OC)C=C2OC)C3=C(C=CC=C3)N1C,"2,4,6-(MeO)3C6H2",158.11,6,1,26.3517,0.01,-0.81,-0.16,109.9,NMe,34.21,-0.7,C3H2,39.265,0,C3H2,39.265,0,Pd2(dba)3.CHCl3,5,"(R,R)-L3",O=C(C1=C(C=CC=C1)P(C2=CC=CC=C2)C3=CC=CC=C3)N[C@H]4[C@@H](C5C6=C(C=CC=C6)C4C7=C5C=CC=C7)NC(C8=C(C=CC=C8)P(C9=CC=CC=C9)C%10=CC=CC=C%10)=O,12.5,III,239.78,53.85,104.19,47.89,toluene,CC1=CC=CC=C1,2.38,3,25,96,R,99,99.5,99.5
81,81,2kf,O=C1N(C2=CC=CC=C2C1(C3=C(OC)C=C(OC)C=C3OC)C(OCC=C)=O)C,O=C1[C@@](CC=C)(C2=C(OC)C=C(OC)C=C2OC)C3=C(C=CC=C3)N1C,"2,4,6-(MeO)3C6H2",158.11,6,1,26.3517,0.01,-0.81,-0.16,109.9,NMe,34.21,-0.7,C3H2,39.265,0,C3H2,39.265,0,Pd2(dba)3.CHCl3,5,"(R,R)-L1",O=C(N[C@H]1[C@@H](CCCC1)NC(C2=C(C=CC=C2)P(C3=CC=CC=C3)C4=CC=CC=C4)=O)C5=C(P(C6=CC=CC=C6)C7=CC=CC=C7)C=CC=C5,12.5,I,65.19,79.85,116.93,37.88,toluene,CC1=CC=CC=C1,2.38,3,25,100,S*,58,79,21
82,82,2lf,O=C1N(C2=CC=CC=C2C1(C3=C(OC)C=CC4=C3C=CC=C4)C(OCC=C)=O)C,O=C1[C@@](CC=C)(C2=C(C=CC=C3)C3=CC=C2OC)C4=C(C=CC=C4)N1C,2-MeO-naphthyl,145.27,7,1,20.753,0.34,-0.27,-0.05,115.1,NMe,34.21,-0.7,C3H2,39.265,0,C3H2,39.265,0,Pd2(dba)3.CHCl3,5,"(R,R)-L3",O=C(C1=C(C=CC=C1)P(C2=CC=CC=C2)C3=CC=CC=C3)N[C@H]4[C@@H](C5C6=C(C=CC=C6)C4C7=C5C=CC=C7)NC(C8=C(C=CC=C8)P(C9=CC=CC=C9)C%10=CC=CC=C%10)=O,12.5,III,239.78,53.85,104.19,47.89,toluene,CC1=CC=CC=C1,2.38,3,25,98,R,98,99,99
83,83,2mf,O=C1N(C2=CC=CC=C2C1(C3=C(OCC4=CC=CC=C4)C=CC5=C3C=CC=C5)C(OCC=C)=O)C,O=C1[C@@](CC=C)(C2=C(C=CC=C3)C3=CC=C2OCC4=CC=CC=C4)C5=C(C=CC=C5)N1C,2-BnO-naphthyl,219.2,8,1,27.4,0.39,-0.24,-0.05,115.3,NMe,34.21,-0.7,C3H2,39.265,0,C3H2,39.265,0,Pd2(dba)3.CHCl3,5,"(R,R)-L3",O=C(C1=C(C=CC=C1)P(C2=CC=CC=C2)C3=CC=CC=C3)N[C@H]4[C@@H](C5C6=C(C=CC=C6)C4C7=C5C=CC=C7)NC(C8=C(C=CC=C8)P(C9=CC=CC=C9)C%10=CC=CC=C%10)=O,12.5,III,239.78,53.85,104.19,47.89,toluene,CC1=CC=CC=C1,2.38,3,25,97,R,97,98.5,98.5
84,84,2kf,O=C1N(C2=CC=CC=C2C1(C3=C(OC)C=C(OC)C=C3OC)C(OCC=C)=O)C,O=C1[C@@](CC=C)(C2=C(OC)C=C(OC)C=C2OC)C3=C(C=CC=C3)N1C,"2,4,6-(MeO)3C6H2",158.11,6,1,26.3517,0.01,-0.81,-0.16,109.9,NMe,34.21,-0.7,C3H2,39.265,0,C3H2,39.265,0,Pd2(dba)3.CHCl3,5,"(R,R)-L3",O=C(C1=C(C=CC=C1)P(C2=CC=CC=C2)C3=CC=CC=C3)N[C@H]4[C@@H](C5C6=C(C=CC=C6)C4C7=C5C=CC=C7)NC(C8=C(C=CC=C8)P(C9=CC=CC=C9)C%10=CC=CC=C%10)=O,12.5,III,239.78,53.85,104.19,47.89,THF,C1CCCO1,7.58,3,25,100,R,97,98.5,98.5
85,85,2kf,O=C1N(C2=CC=CC=C2C1(C3=C(OC)C=C(OC)C=C3OC)C(OCC=C)=O)C,O=C1[C@@](CC=C)(C2=C(OC)C=C(OC)C=C2OC)C3=C(C=CC=C3)N1C,"2,4,6-(MeO)3C6H2",158.11,6,1,26.3517,0.01,-0.81,-0.16,109.9,NMe,34.21,-0.7,C3H2,39.265,0,C3H2,39.265,0,Pd2(dba)3.CHCl3,5,"(R,R)-L3",O=C(C1=C(C=CC=C1)P(C2=CC=CC=C2)C3=CC=CC=C3)N[C@H]4[C@@H](C5C6=C(C=CC=C6)C4C7=C5C=CC=C7)NC(C8=C(C=CC=C8)P(C9=CC=CC=C9)C%10=CC=CC=C%10)=O,12.5,III,239.78,53.85,104.19,47.89,2-Me-THF,CC1CCCO1,6.97,3,25,100,R,97,98.5,98.5
86,86,2kf,O=C1N(C2=CC=CC=C2C1(C3=C(OC)C=C(OC)C=C3OC)C(OCC=C)=O)C,O=C1[C@@](CC=C)(C2=C(OC)C=C(OC)C=C2OC)C3=C(C=CC=C3)N1C,"2,4,6-(MeO)3C6H2",158.11,6,1,26.3517,0.01,-0.81,-0.16,109.9,NMe,34.21,-0.7,C3H2,39.265,0,C3H2,39.265,0,Pd2(dba)3.CHCl3,5,"(R,R)-L3",O=C(C1=C(C=CC=C1)P(C2=CC=CC=C2)C3=CC=CC=C3)N[C@H]4[C@@H](C5C6=C(C=CC=C6)C4C7=C5C=CC=C7)NC(C8=C(C=CC=C8)P(C9=CC=CC=C9)C%10=CC=CC=C%10)=O,12.5,III,239.78,53.85,104.19,47.89,MTBE,COC(C)(C)C,4.5,3,25,100,R,91,95.5,95.5
87,87,2kf,O=C1N(C2=CC=CC=C2C1(C3=C(OC)C=C(OC)C=C3OC)C(OCC=C)=O)C,O=C1[C@@](CC=C)(C2=C(OC)C=C(OC)C=C2OC)C3=C(C=CC=C3)N1C,"2,4,6-(MeO)3C6H2",158.11,6,1,26.3517,0.01,-0.81,-0.16,109.9,NMe,34.21,-0.7,C3H2,39.265,0,C3H2,39.265,0,Pd2(dba)3.CHCl3,5,"(R,R)-L3",O=C(C1=C(C=CC=C1)P(C2=CC=CC=C2)C3=CC=CC=C3)N[C@H]4[C@@H](C5C6=C(C=CC=C6)C4C7=C5C=CC=C7)NC(C8=C(C=CC=C8)P(C9=CC=CC=C9)C%10=CC=CC=C%10)=O,12.5,III,239.78,53.85,104.19,47.89,Et2O,CCOCC,4.33,3,25,100,R,96,98,98
88,88,2nh,O=C1C(C(OCC=C)=O)(C(C2=CC=CC=C2)=C)CC3=CC=CC=C31,O=C1[C@@](CC=C)(C(C2=CC=CC=C2)=C)CC3=CC=CC=C31,phenylvinyl,113.12,5,1,22.624,0.03,0,0,141.7,C3H2,39.265,0,C3H2,39.265,0,CH2,23.22,-0.17,Pd2(dba)3.CHCl3,5,"(S,S)-L3",O=C(N[C@@H]1[C@@H](NC(C2=C(P(C3=CC=CC=C3)C4=CC=CC=C4)C=CC=C2)=O)C5C6=C(C1C7=C5C=CC=C7)C=CC=C6)C8=C(P(C9=CC=CC=C9)C%10=CC=CC=C%10)C=CC=C8,12.5,III,239.78,53.85,104.19,47.89,dioxane,C1COCCO1,2.25,18,40,100,S*,26,63,63
89,89,2nh,O=C1C(C(OCC=C)=O)(C(C2=CC=CC=C2)=C)CC3=CC=CC=C31,O=C1[C@@](CC=C)(C(C2=CC=CC=C2)=C)CC3=CC=CC=C31,phenylvinyl,113.12,5,1,22.624,0.03,0,0,141.7,C3H2,39.265,0,C3H2,39.265,0,CH2,23.22,-0.17,Pd2(dba)3.CHCl3,5,"(S,S)-L1",O=C(C1=C(C=CC=C1)P(C2=CC=CC=C2)C3=CC=CC=C3)N[C@@H]4[C@@H](NC(C5=C(P(C6=CC=CC=C6)C7=CC=CC=C7)C=CC=C5)=O)CCCC4,12.5,I,65.19,79.85,116.93,37.88,dioxane,C1COCCO1,2.25,18,40,100,R,9,54.5,45.5
90,90,2nh,O=C1C(C(OCC=C)=O)(C(C2=CC=CC=C2)=C)CC3=CC=CC=C31,O=C1[C@@](CC=C)(C(C2=CC=CC=C2)=C)CC3=CC=CC=C31,phenylvinyl,113.12,5,1,22.624,0.03,0,0,141.7,C3H2,39.265,0,C3H2,39.265,0,CH2,23.22,-0.17,Pd2(dba)3.CHCl3,5,"(S,S)-L2",O=C(N[C@@H]1[C@H](CCCC1)NC(C2=C([P](C3=CC=CC=C3)C4=CC=CC=C4)C=CC5=C2C=CC=C5)=O)C6=C([P](C7=CC=CC=C7)C8=CC=CC=C8)C=CC9=C6C=CC=C9,12.5,II,37.88,79.85,142.63,63.87,dioxane,C1COCCO1,2.25,18,40,100,R,20,60,40
91,91,2nh,O=C1C(C(OCC=C)=O)(C(C2=CC=CC=C2)=C)CC3=CC=CC=C31,O=C1[C@@](CC=C)(C(C2=CC=CC=C2)=C)CC3=CC=CC=C31,phenylvinyl,113.12,5,1,22.624,0.03,0,0,141.7,C3H2,39.265,0,C3H2,39.265,0,CH2,23.22,-0.17,Pd2(dba)3.CHCl3,5,"(S,S)-L3",O=C(N[C@@H]1[C@@H](NC(C2=C(P(C3=CC=CC=C3)C4=CC=CC=C4)C=CC=C2)=O)C5C6=C(C1C7=C5C=CC=C7)C=CC=C6)C8=C(P(C9=CC=CC=C9)C%10=CC=CC=C%10)C=CC=C8,12.5,III,239.78,53.85,104.19,47.89,toluene,CC1=CC=CC=C1,2.38,18,40,100,S*,11,55.5,44.5
92,92,2nh,O=C1C(C(OCC=C)=O)(C(C2=CC=CC=C2)=C)CC3=CC=CC=C31,O=C1[C@@](CC=C)(C(C2=CC=CC=C2)=C)CC3=CC=CC=C31,phenylvinyl,113.12,5,1,22.624,0.03,0,0,141.7,C3H2,39.265,0,C3H2,39.265,0,CH2,23.22,-0.17,Pd2(dba)3.CHCl3,5,"(S,S)-L3",O=C(N[C@@H]1[C@@H](NC(C2=C(P(C3=CC=CC=C3)C4=CC=CC=C4)C=CC=C2)=O)C5C6=C(C1C7=C5C=CC=C7)C=CC=C6)C8=C(P(C9=CC=CC=C9)C%10=CC=CC=C%10)C=CC=C8,12.5,III,239.78,53.85,104.19,47.89,MTBE,COC(C)(C)C,4.5,18,40,100,S*,10,55,45
93,93,2nh,O=C1C(C(OCC=C)=O)(C(C2=CC=CC=C2)=C)CC3=CC=CC=C31,O=C1[C@@](CC=C)(C(C2=CC=CC=C2)=C)CC3=CC=CC=C31,phenylvinyl,113.12,5,1,22.624,0.03,0,0,141.7,C3H2,39.265,0,C3H2,39.265,0,CH2,23.22,-0.17,Pd2(dba)3.CHCl3,5,"(S,S)-L3",O=C(N[C@@H]1[C@@H](NC(C2=C(P(C3=CC=CC=C3)C4=CC=CC=C4)C=CC=C2)=O)C5C6=C(C1C7=C5C=CC=C7)C=CC=C6)C8=C(P(C9=CC=CC=C9)C%10=CC=CC=C%10)C=CC=C8,12.5,III,239.78,53.85,104.19,47.89,THF,C1CCCO1,7.58,48,25,5,S*,21,60.5,39.5
94,94,2nh,O=C1C(C(OCC=C)=O)(C(C2=CC=CC=C2)=C)CC3=CC=CC=C31,O=C1[C@@](CC=C)(C(C2=CC=CC=C2)=C)CC3=CC=CC=C31,phenylvinyl,113.12,5,1,22.624,0.03,0,0,141.7,C3H2,39.265,0,C3H2,39.265,0,CH2,23.22,-0.17,Pd2(dba)3.CHCl3,5,"(S,S)-L3",O=C(N[C@@H]1[C@@H](NC(C2=C(P(C3=CC=CC=C3)C4=CC=CC=C4)C=CC=C2)=O)C5C6=C(C1C7=C5C=CC=C7)C=CC=C6)C8=C(P(C9=CC=CC=C9)C%10=CC=CC=C%10)C=CC=C8,12.5,III,239.78,53.85,104.19,47.89,2-Me-THF,CC1CCCO1,6.97,20,40,100,S*,3,51.5,48.5
95,95,2bg,O=C1C(C(OCC=C)=O)(C2=CC=C(OC)C=C2)CCCN1C(OC(C)(C)C)=O,O=C(N(C(OC(C)(C)C)=O)CCC1)[C@]1(C2=CC=C(OC)C=C2)CC=C,4-MeOC6H4,105.93,6,1,17.665,-0.27,-0.27,-0.05,133.6,NBoc,118.34,-0.05,CH2CH2,40.51,-0.15,CH2,23.22,-0.17,Pd2(dba)3.CHCl3,7.5,"(S,S)-L1",O=C(C1=C(C=CC=C1)P(C2=CC=CC=C2)C3=CC=CC=C3)N[C@@H]4[C@@H](NC(C5=C(P(C6=CC=CC=C6)C7=CC=CC=C7)C=CC=C5)=O)CCCC4,18,I,65.19,79.85,116.93,37.88,dioxane,C1COCCO1,2.25,18,60,49,R,60,80,20
96,96,2cg,O=C1C(C(OCC=C)=O)(C2=CC=C(C(F)(F)F)C=C2)CCCN1C(OC(C)(C)C)=O,O=C(N(C(OC(C)(C)C)=O)CCC1)[C@]1(C2=CC=C(C(F)(F)F)C=C2)CC=C,4-CF3C6H4,115.35,6,1,19.225,0.54,0.54,0.11,143.4,NBoc,118.34,-0.05,CH2CH2,40.51,-0.15,CH2,23.22,-0.17,Pd2(dba)3.CHCl3,7.5,"(S,S)-L1",O=C(C1=C(C=CC=C1)P(C2=CC=CC=C2)C3=CC=CC=C3)N[C@@H]4[C@@H](NC(C5=C(P(C6=CC=CC=C6)C7=CC=CC=C7)C=CC=C5)=O)CCCC4,18,I,65.19,79.85,116.93,37.88,dioxane,C1COCCO1,2.25,18,60,55,R,57,78.5,21.5
97,97,2jg,O=C1C(C(OCC=C)=O)(C2=C(OC)C(OC)=C(OC)C=C2)CCCN1C(OC(C)(C)C)=O,O=C(N(C(OC(C)(C)C)=O)CCC1)[C@]1(C2=C(OC)C(OC)=C(OC)C=C2)CC=C,"2,3,4-(MeO)3C6H2",158.11,6,1,26.3517,0.17,-0.42,-0.16,117.9,NBoc,118.34,-0.05,CH2CH2,40.51,-0.15,CH2,23.22,-0.17,Pd2(dba)3.CHCl3,7.5,"(S,S)-L1",O=C(C1=C(C=CC=C1)P(C2=CC=CC=C2)C3=CC=CC=C3)N[C@@H]4[C@@H](NC(C5=C(P(C6=CC=CC=C6)C7=CC=CC=C7)C=CC=C5)=O)CCCC4,18,I,65.19,79.85,116.93,37.88,dioxane,C1COCCO1,2.25,18,60,25,R,40,70,30
98,98,2kg,O=C1C(C(OCC=C)=O)(C2=C(OC)C=C(OC)C=C2OC)CCCN1C(OC(C)(C)C)=O,O=C(N(C(OC(C)(C)C)=O)CCC1)[C@]1(C2=C(OC)C=C(OC)C=C2OC)CC=C,"2,4,6-(MeO)3C6H2",158.11,6,1,26.3517,0.01,-0.81,-0.16,111.5,NBoc,118.34,-0.05,CH2CH2,40.51,-0.15,CH2,23.22,-0.17,Pd2(dba)3.CHCl3,7.5,"(S,S)-L1",O=C(C1=C(C=CC=C1)P(C2=CC=CC=C2)C3=CC=CC=C3)N[C@@H]4[C@@H](NC(C5=C(P(C6=CC=CC=C6)C7=CC=CC=C7)C=CC=C5)=O)CCCC4,18,I,65.19,79.85,116.93,37.88,dioxane,C1COCCO1,2.25,18,60,82,R,82,91,9
99,99,2kg,O=C1C(C(OCC=C)=O)(C2=C(OC)C=C(OC)C=C2OC)CCCN1C(OC(C)(C)C)=O,O=C(N(C(OC(C)(C)C)=O)CCC1)[C@]1(C2=C(OC)C=C(OC)C=C2OC)CC=C,"2,4,6-(MeO)3C6H2",158.11,6,1,26.3517,0.01,-0.81,-0.16,111.5,NBoc,118.34,-0.05,CH2CH2,40.51,-0.15,CH2,23.22,-0.17,Pd2(dba)3.CHCl3,5,"(R,R)-L3",O=C(C1=C(C=CC=C1)P(C2=CC=CC=C2)C3=CC=CC=C3)N[C@H]4[C@@H](C5C6=C(C=CC=C6)C4C7=C5C=CC=C7)NC(C8=C(C=CC=C8)P(C9=CC=CC=C9)C%10=CC=CC=C%10)=O,13,III,239.78,53.85,104.19,47.89,dioxane,C1COCCO1,2.25,18,40,12,S,33,66.5,66.5
100,100,2lg,O=C1C(C(OCC=C)=O)(C2=C(C=CC=C3)C3=CC=C2OC)CCCN1C(OC(C)(C)C)=O,O=C(N(C(OC(C)(C)C)=O)CCC1)[C@]1(C2=C(C=CC=C3)C3=CC=C2OC)CC=C,2-MeO-naphthyl,145.27,7,1,20.753,0.34,-0.27,-0.05,130.4,NBoc,118.34,-0.05,CH2CH2,40.51,-0.15,CH2,23.22,-0.17,Pd2(dba)3.CHCl3,7.5,"(S,S)-L1",O=C(C1=C(C=CC=C1)P(C2=CC=CC=C2)C3=CC=CC=C3)N[C@@H]4[C@@H](NC(C5=C(P(C6=CC=CC=C6)C7=CC=CC=C7)C=CC=C5)=O)CCCC4,18,I,65.19,79.85,116.93,37.88,dioxane,C1COCCO1,2.25,18,60,66,R,56,78,22
101,101,2mg,O=C1C(C(OCC=C)=O)(C2=C(C=CC=C3)C3=CC=C2OCC4=CC=CC=C4)CCCN1C(OC(C)(C)C)=O,O=C(N(C(OC(C)(C)C)=O)CCC1)[C@]1(C2=C(C=CC=C3)C3=CC=C2OCC4=CC=CC=C4)CC=C,2-BnO-naphthyl,219.2,8,1,27.4,0.39,-0.24,-0.05,130.5,NBoc,118.34,-0.05,CH2CH2,40.51,-0.15,CH2,23.22,-0.17,Pd2(dba)3.CHCl3,7.5,"(S,S)-L1",O=C(C1=C(C=CC=C1)P(C2=CC=CC=C2)C3=CC=CC=C3)N[C@@H]4[C@@H](NC(C5=C(P(C6=CC=CC=C6)C7=CC=CC=C7)C=CC=C5)=O)CCCC4,18,I,65.19,79.85,116.93,37.88,dioxane,C1COCCO1,2.25,18,60,56,R,78,89,11
102,102,2kg,O=C1C(C(OCC=C)=O)(C2=C(OC)C=C(OC)C=C2OC)CCCN1C(OC(C)(C)C)=O,O=C(N(C(OC(C)(C)C)=O)CCC1)[C@]1(C2=C(OC)C=C(OC)C=C2OC)CC=C,"2,4,6-(MeO)3C6H2",158.11,6,1,26.3517,0.01,-0.81,-0.16,111.5,NBoc,118.34,-0.05,CH2CH2,40.51,-0.15,CH2,23.22,-0.17,Pd2(dba)3.CHCl3,5,"(S,S)-L1",O=C(C1=C(C=CC=C1)P(C2=CC=CC=C2)C3=CC=CC=C3)N[C@@H]4[C@@H](NC(C5=C(P(C6=CC=CC=C6)C7=CC=CC=C7)C=CC=C5)=O)CCCC4,18,I,65.19,79.85,116.93,37.88,toluene,CC1=CC=CC=C1,2.38,18,60,17,R,90,95,5
103,103,2kg,O=C1C(C(OCC=C)=O)(C2=C(OC)C=C(OC)C=C2OC)CCCN1C(OC(C)(C)C)=O,O=C(N(C(OC(C)(C)C)=O)CCC1)[C@]1(C2=C(OC)C=C(OC)C=C2OC)CC=C,"2,4,6-(MeO)3C6H2",158.11,6,1,26.3517,0.01,-0.81,-0.16,111.5,NBoc,118.34,-0.05,CH2CH2,40.51,-0.15,CH2,23.22,-0.17,Pd2(dba)3.CHCl3,5,"(S,S)-L1",O=C(C1=C(C=CC=C1)P(C2=CC=CC=C2)C3=CC=CC=C3)N[C@@H]4[C@@H](NC(C5=C(P(C6=CC=CC=C6)C7=CC=CC=C7)C=CC=C5)=O)CCCC4,18,I,65.19,79.85,116.93,37.88,MTBE,COC(C)(C)C,4.5,18,60,13,R,87,93.5,6.5